model,mae,rmse,r2,cv_mean_r2,cv_std_r2,best_params
Random Forest,0.006290759712231111,0.022348914455771914,0.9052660177097512,0.8962657072587419,0.02319426748389641,{}
Gradient Boosting,0.006289969820167423,0.02238108580294497,0.9049930815506806,0.8963629069969885,0.023241565605646747,{}
XGBoost Baseline,0.006304356733808732,0.022388035580753175,0.9049340692673689,0.89630713149715,0.023092014942781104,{}
XGBoost Tuned,0.006256735409992284,0.022389380874650734,0.9049226439273909,0.8952092229227901,0.0,"{""subsample"": 0.7, ""n_estimators"": 150, ""max_depth"": 3, ""learning_rate"": 0.15, ""colsample_bytree"": 1.0}"
Ridge Regression,0.017931098412622522,0.03081149193116631,0.8199395283530421,0.82624977293576,0.020244711568806403,{}
Linear Regression,0.018057795080049708,0.030831350125585185,0.8197073534143176,0.8263216734188111,0.019884105799952506,{}
