model,mae,rmse,r2
XGBoost,0.013064883140948457,0.02929431165460143,0.8372355620857219
Gradient Boosting,0.013066642897802691,0.02929496267195347,0.837228327667515
Random Forest,0.013088168553787093,0.02929935931593666,0.8371794658338407
Ridge Regression,0.02820793653101919,0.04481319973840067,0.6191053818549564
Linear Regression,0.028256371499652006,0.04483315862683466,0.6187660208553789
